{"meta": "svm", "class_weight_": [1.0, 1.0, 1.0], "classes_": [0, 1, 2], "support_": [18, 20, 23, 24, 25, 41, 44, 50, 51, 52, 54, 55, 56, 57, 58, 63, 64, 66, 68, 70, 72, 73, 75, 76, 77, 78, 79, 83, 84, 85, 86, 87, 90, 91, 93, 98, 101, 106, 110, 111, 113, 116, 119, 121, 123, 126, 127, 129, 131, 133, 134, 137, 138, 139, 141, 142, 145, 146, 147, 149], "_n_support": [7, 29, 24], "intercept_": [0.1263169546904858, -0.06446388127928576, -0.10704314708709724], "_probA": [-3.412599483222025, -3.566923046381026, -4.063890232464365], "_probB": [0.058946664046201615, -0.031400555880982055, 0.20453735063504513], "_intercept_": [0.1263169546904858, -0.06446388127928576, -0.10704314708709724], "shape_fit_": [150, 4], "_gamma": 0.06416744863614975, "_sparse": false, "params": {"C": 1.0, "break_ties": false, "cache_size": 200, "class_weight": null, "coef0": 0.0, "decision_function_shape": "ovr", "degree": 3, "gamma": "scale", "kernel": "rbf", "max_iter": -1, "probability": true, "random_state": null, "shrinking": true, "tol": 0.001, "verbose": false}, "support_vectors_": [[5.7, 3.8, 1.7, 0.3], [5.4, 3.4, 1.7, 0.2], [5.1, 3.3, 1.7, 0.5], [4.8, 3.4, 1.9, 0.2], [5.0, 3.0, 1.6, 0.2], [4.5, 2.3, 1.3, 0.3], [5.1, 3.8, 1.9, 0.4], [7.0, 3.2, 4.7, 1.4], [6.4, 3.2, 4.5, 1.5], [6.9, 3.1, 4.9, 1.5], [6.5, 2.8, 4.6, 1.5], [5.7, 2.8, 4.5, 1.3], [6.3, 3.3, 4.7, 1.6], [4.9, 2.4, 3.3, 1.0], [6.6, 2.9, 4.6, 1.3], [6.1, 2.9, 4.7, 1.4], [5.6, 2.9, 3.6, 1.3], [5.6, 3.0, 4.5, 1.5], [6.2, 2.2, 4.5, 1.5], [5.9, 3.2, 4.8, 1.8], [6.3, 2.5, 4.9, 1.5], [6.1, 2.8, 4.7, 1.2], [6.6, 3.0, 4.4, 1.4], [6.8, 2.8, 4.8, 1.4], [6.7, 3.0, 5.0, 1.7], [6.0, 2.9, 4.5, 1.5], [5.7, 2.6, 3.5, 1.0], [6.0, 2.7, 5.1, 1.6], [5.4, 3.0, 4.5, 1.5], [6.0, 3.4, 4.5, 1.6], [6.7, 3.1, 4.7, 1.5], [6.3, 2.3, 4.4, 1.3], [5.5, 2.6, 4.4, 1.2], [6.1, 3.0, 4.6, 1.4], [5.0, 2.3, 3.3, 1.0], [5.1, 2.5, 3.0, 1.1], [5.8, 2.7, 5.1, 1.9], [4.9, 2.5, 4.5, 1.7], [6.5, 3.2, 5.1, 2.0], [6.4, 2.7, 5.3, 1.9], [5.7, 2.5, 5.0, 2.0], [6.5, 3.0, 5.5, 1.8], [6.0, 2.2, 5.0, 1.5], [5.6, 2.8, 4.9, 2.0], [6.3, 2.7, 4.9, 1.8], [6.2, 2.8, 4.8, 1.8], [6.1, 3.0, 4.9, 1.8], [7.2, 3.0, 5.8, 1.6], [7.9, 3.8, 6.4, 2.0], [6.3, 2.8, 5.1, 1.5], [6.1, 2.6, 5.6, 1.4], [6.4, 3.1, 5.5, 1.8], [6.0, 3.0, 4.8, 1.8], [6.9, 3.1, 5.4, 2.1], [6.9, 3.1, 5.1, 2.3], [5.8, 2.7, 5.1, 1.9], [6.7, 3.0, 5.2, 2.3], [6.3, 2.5, 5.0, 1.9], [6.5, 3.0, 5.2, 2.0], [5.9, 3.0, 5.1, 1.8]], "dual_coef_": [[0.0, 0.3169291682042101, 1.0, 1.0, 0.07471753254958248, 1.0, 1.0, -0.0, -0.0, -0.0, -0.0, -0.0, -0.0, -1.0, -0.0, -0.0, -0.39164670075379254, -0.0, -0.0, -0.0, -0.0, -0.0, -0.0, -0.0, -0.0, -0.0, -1.0, -0.0, -0.0, -0.0, -0.0, -0.0, -0.0, -0.0, -1.0, -1.0, -0.0, -1.0, -0.0, -0.0, -0.0, -0.0, -0.0, -0.0, -0.0, -0.0, -0.0, -0.0, -0.3447907051638908, -0.0, -0.0, -0.0, -0.6793035492280736, -0.0, -0.0, -0.0, -0.0, -0.0, -0.0, -0.0], [0.2681080283454389, 0.0, 0.021145270773092383, 0.26526426249873, 0.0, 0.46957669277470304, 1.0, 1.0, 1.0, 1.0, 1.0, 1.0, 1.0, 0.0, 1.0, 1.0, 0.0, 1.0, 1.0, 1.0, 1.0, 1.0, 0.29353550847347315, 1.0, 1.0, 1.0, 0.0, 1.0, 1.0, 1.0, 1.0, 1.0, 0.7064644915265269, 1.0, 0.0, 0.0, -1.0, -1.0, -1.0, -1.0, -1.0, -1.0, -1.0, -1.0, -1.0, -1.0, -1.0, -1.0, -0.0, -1.0, -1.0, -1.0, -1.0, -1.0, -1.0, -1.0, -1.0, -1.0, -1.0, -1.0]], "_dual_coef_": [[0.0, 0.3169291682042101, 1.0, 1.0, 0.07471753254958248, 1.0, 1.0, -0.0, -0.0, -0.0, -0.0, -0.0, -0.0, -1.0, -0.0, -0.0, -0.39164670075379254, -0.0, -0.0, -0.0, -0.0, -0.0, -0.0, -0.0, -0.0, -0.0, -1.0, -0.0, -0.0, -0.0, -0.0, -0.0, -0.0, -0.0, -1.0, -1.0, -0.0, -1.0, -0.0, -0.0, -0.0, -0.0, -0.0, -0.0, -0.0, -0.0, -0.0, -0.0, -0.3447907051638908, -0.0, -0.0, -0.0, -0.6793035492280736, -0.0, -0.0, -0.0, -0.0, -0.0, -0.0, -0.0], [0.2681080283454389, 0.0, 0.021145270773092383, 0.26526426249873, 0.0, 0.46957669277470304, 1.0, 1.0, 1.0, 1.0, 1.0, 1.0, 1.0, 0.0, 1.0, 1.0, 0.0, 1.0, 1.0, 1.0, 1.0, 1.0, 0.29353550847347315, 1.0, 1.0, 1.0, 0.0, 1.0, 1.0, 1.0, 1.0, 1.0, 0.7064644915265269, 1.0, 0.0, 0.0, -1.0, -1.0, -1.0, -1.0, -1.0, -1.0, -1.0, -1.0, -1.0, -1.0, -1.0, -1.0, -0.0, -1.0, -1.0, -1.0, -1.0, -1.0, -1.0, -1.0, -1.0, -1.0, -1.0, -1.0]]}